,From,Position,To,Type.CTRL,CTRL,CTRL.2,CTRL.3,CTRL.4,Type,EXPT,EXPT.2,EXPT.3,EXPT.4,LocusTag
888,C,333004.0,T,0,0.0,0.0,0.0,0.0,SNP,100.0,100.0,94.4143772,100.0,SP_0358
891,C,800935.0,A,0,0.0,0.0,0.0,0.0,SNP,100.0,100.0,100.0,100.0,SP_0855
894,G,1149617.0,T,0,0.0,0.0,0.0,0.0,SNP,100.0,100.0,100.0,100.0,SP_1219
1042,C,1683618.0,T,0,0.0,0.0,0.0,0.0,SNP,0.0,51.0041237,30.1415443,0.0,SP_1772
